rs112544	neut_1
2.0	2.88
1.0	4.97
2.0	10.92
1.0	5.13
2.0	10.35
2.0	9.69
2.0	3.0
1.0	5.82
2.0	8.18
2.0	6.07
1.0	8.27
2.0	4.18
1.0	
	4.38
1.0	2.57
0.0	5.24
1.0	6.89
2.0	9.81
2.0	3.66
	7.32
2.0	5.0
1.0	6.47
1.0	2.19
2.0	
0.0	3.15
2.0	7.8
1.0	9.2
1.0	1.4
1.0	4.11
1.0	4.5
1.0	7.87
0.0	5.5
2.0	2.72
2.0	2.97
2.0	5.34
2.0	
2.0	4.47
1.0	2.59
1.0	4.19
2.0	4.92
2.0	5.71
1.0	
2.0	
1.0	8.57
1.0	
1.0	9.74
2.0	8.46
2.0	7.37
	10.11
2.0	11.13
2.0	5.93
1.0	5.12
2.0	
2.0	
2.0	
1.0	
2.0	
2.0	3.49
2.0	5.37
1.0	7.0
1.0	
2.0	5.93
1.0	
1.0	2.12
0.0	7.79
1.0	4.5
1.0	8.3
1.0	6.76
1.0	1.63
2.0	7.61
2.0	5.11
1.0	5.18
2.0	2.31
2.0	6.87
2.0	4.66
0.0	12.62
2.0	7.25
2.0	7.89
1.0	2.29
2.0	9.22
2.0	12.7
2.0	6.06
1.0	2.36
2.0	5.19
2.0	8.65
2.0	7.35
1.0	4.96
2.0	
2.0	11.74
1.0	
2.0	
2.0	4.45
1.0	3.31
2.0	3.47
1.0	4.28
1.0	3.16
	2.56
	2.09
1.0	4.45
1.0	5.62
1.0	5.42
2.0	2.41
2.0	5.73
2.0	2.06
2.0	
1.0	3.77
1.0	2.78
1.0	2.07
2.0	1.51
2.0	5.03
2.0	2.65
2.0	11.41
2.0	3.7
1.0	7.72
2.0	3.77
1.0	2.04
1.0	4.14
1.0	4.93
2.0	2.98
2.0	5.69
1.0	4.6
1.0	
0.0	2.88
0.0	1.04
1.0	1.0
0.0	3.02
2.0	4.94
2.0	4.6
1.0	1.88
1.0	
2.0	3.85
2.0	4.42
2.0	1.99
2.0	3.09
2.0	
1.0	2.4
1.0	1.58
2.0	2.71
2.0	4.78
2.0	8.41
2.0	3.4
1.0	4.01
1.0	3.76
2.0	2.31
0.0	3.0
2.0	10.39
0.0	4.65
2.0	4.56
0.0	2.26
2.0	6.04
2.0	3.23
2.0	
2.0	6.1
1.0	1.57
1.0	4.42
1.0	3.32
2.0	9.1
1.0	1.27
0.0	3.72
1.0	4.75
1.0	2.47
2.0	8.24
1.0	5.93
1.0	4.14
2.0	4.11
2.0	1.48
2.0	1.06
1.0	3.12
1.0	1.78
2.0	10.41
1.0	7.89
2.0	2.66
2.0	4.29
2.0	3.95
2.0	14.42
	1.85
	3.53
2.0	10.92
1.0	13.82
2.0	1.06
1.0	2.27
2.0	3.33
2.0	7.18
1.0	9.57
1.0	14.12
2.0	7.24
2.0	6.62
1.0	4.29
0.0	0.36
2.0	10.58
2.0	0.91
2.0	2.93
1.0	3.96
2.0	4.51
2.0	1.25
0.0	3.02
2.0	5.58
1.0	6.2
0.0	2.91
1.0	3.18
1.0	6.12
2.0	8.49
2.0	6.39
2.0	
2.0	4.28
2.0	3.35
1.0	4.17
0.0	6.61
2.0	12.82
1.0	4.5
1.0	2.42
1.0	7.12
2.0	5.0
1.0	6.54
2.0	2.51
1.0	4.89
1.0	4.57
1.0	2.46
1.0	6.98
0.0	8.44
2.0	1.66
2.0	3.82
2.0	8.42
2.0	6.95
1.0	7.18
2.0	9.2
2.0	6.74
2.0	
2.0	3.64
1.0	5.84
2.0	
	1.69
1.0	
	7.83
2.0	
2.0	13.59
1.0	11.42
1.0	5.24
0.0	
2.0	
2.0	2.98
	6.01
	
	
	
	8.21
	
	13.9
	5.0
	5.96
	4.41
	
1.0	2.55
2.0	3.47
1.0	7.6
2.0	2.22
2.0	8.42
2.0	1.41
0.0	5.95
1.0	3.05
2.0	
	3.14
	2.81
1.0	1.24
1.0	4.32
0.0	4.47
1.0	2.62
2.0	2.66
2.0	2.92
1.0	3.51
2.0	3.47
1.0	2.97
1.0	3.44
2.0	3.75
1.0	4.86
1.0	3.53
	1.84
	3.58
	5.28
	1.59
	4.06
	5.97
	3.94
2.0	9.87
2.0	2.94
1.0	5.64
1.0	2.1
	7.37
	5.83
	6.78
	3.83
	3.86
	3.17
	
	
	
2.0	4.68
1.0	2.98
0.0	8.7
2.0	6.59
0.0	0.78
1.0	5.87
2.0	1.99
2.0	3.32
	4.99
2.0	8.42
1.0	2.83
2.0	2.12
1.0	3.45
2.0	4.8
1.0	2.24
1.0	5.9
1.0	
1.0	7.29
1.0	6.94
2.0	6.57
2.0	6.31
1.0	4.99
2.0	3.6
2.0	1.28
1.0	3.17
2.0	2.63
1.0	4.63
2.0	3.82
2.0	3.43
2.0	3.14
2.0	
1.0	1.01
2.0	3.86
1.0	4.17
0.0	5.22
2.0	5.14
2.0	9.22
2.0	6.06
2.0	1.99
2.0	1.11
0.0	3.53
1.0	2.85
1.0	3.07
2.0	2.56
2.0	6.75
2.0	2.71
2.0	2.6
2.0	2.74
2.0	7.35
2.0	3.28
1.0	1.37
1.0	1.35
0.0	6.0
2.0	4.42
2.0	5.22
2.0	2.33
2.0	12.85
2.0	1.96
2.0	4.74
1.0	
0.0	4.14
2.0	3.25
1.0	1.96
2.0	8.07
1.0	2.82
1.0	1.55
0.0	5.12
1.0	
1.0	9.61
2.0	9.23
1.0	3.78
2.0	1.88
2.0	2.72
0.0	3.46
1.0	
1.0	7.91
1.0	2.28
1.0	3.63
2.0	0.19
0.0	
0.0	2.94
2.0	
1.0	2.3
2.0	2.3
2.0	2.5
1.0	4.49
0.0	3.17
1.0	2.81
2.0	10.86
1.0	9.32
2.0	6.44
0.0	3.5
2.0	3.1
2.0	7.77
1.0	3.1
1.0	2.35
1.0	4.27
2.0	11.27
2.0	5.07
2.0	5.12
2.0	5.26
1.0	4.58
2.0	3.56
0.0	2.02
1.0	3.14
1.0	5.18
2.0	3.26
1.0	6.27
0.0	7.24
2.0	4.33
1.0	13.29
1.0	2.03
0.0	3.4
	0.68
2.0	8.11
1.0	1.75
1.0	5.0
1.0	1.68
2.0	15.3
2.0	7.3
1.0	7.11
2.0	1.37
2.0	4.41
1.0	2.74
0.0	4.66
2.0	6.33
1.0	3.39
1.0	9.95
1.0	6.02
1.0	1.64
2.0	3.62
2.0	4.13
2.0	5.0
2.0	6.12
1.0	12.78
2.0	6.08
2.0	4.63
2.0	2.09
1.0	4.24
1.0	2.02
2.0	2.58
1.0	6.28
0.0	10.29
2.0	4.49
2.0	4.74
2.0	4.4
1.0	2.67
2.0	5.17
2.0	3.65
2.0	7.25
2.0	3.85
2.0	4.94
2.0	4.56
1.0	10.19
2.0	10.16
0.0	2.82
1.0	3.13
2.0	3.67
2.0	5.05
1.0	2.76
2.0	
1.0	3.85
1.0	4.24
0.0	2.56
2.0	6.01
1.0	4.76
2.0	8.86
2.0	5.03
1.0	7.25
1.0	1.58
2.0	2.55
2.0	7.59
0.0	0.45
1.0	4.45
1.0	1.93
1.0	6.97
2.0	13.07
2.0	6.69
2.0	6.17
2.0	11.47
2.0	5.22
1.0	15.34
1.0	2.54
1.0	3.88
2.0	3.56
2.0	5.16
2.0	8.61
1.0	3.98
2.0	2.97
1.0	5.39
2.0	6.22
1.0	8.41
1.0	2.06
2.0	2.15
1.0	
1.0	7.92
1.0	4.27
	8.25
	3.47
2.0	7.64
	8.99
	10.45
2.0	1.88
	10.5
2.0	5.4
	1.58
	2.42
	7.64
	3.34
	2.9
2.0	3.41
	3.01
2.0	7.91
2.0	5.77
2.0	3.65
2.0	4.57
2.0	15.05
1.0	2.62
1.0	6.4
2.0	6.37
	3.63
	1.47
	
	8.01
2.0	8.3
	2.74
	2.5
	7.2
	2.46
	4.15
2.0	4.49
2.0	6.09
	1.47
	6.28
1.0	2.48
	1.92
1.0	2.95
1.0	7.0
1.0	6.03
1.0	9.04
2.0	7.51
1.0	5.45
	4.57
	3.22
	6.13
	4.96
1.0	1.98
2.0	3.93
2.0	
1.0	3.86
2.0	4.56
1.0	4.41
1.0	2.87
2.0	4.48
2.0	6.38
2.0	4.94
2.0	4.64
2.0	3.17
2.0	3.56
2.0	
	
2.0	3.16
	3.68
2.0	3.37
	4.28
0.0	4.19
1.0	1.49
	1.65
1.0	4.35
2.0	4.32
2.0	2.82
1.0	3.37
2.0	10.22
1.0	4.18
	2.82
1.0	
2.0	2.64
2.0	8.17
2.0	
2.0	14.43
1.0	6.42
2.0	5.1
2.0	9.25
1.0	3.61
1.0	10.38
0.0	
0.0	10.97
2.0	3.52
2.0	2.14
1.0	3.27
2.0	1.62
1.0	
1.0	7.83
2.0	3.51
2.0	12.15
1.0	5.5
2.0	4.44
1.0	6.9
1.0	5.08
2.0	3.79
2.0	3.75
1.0	
1.0	5.61
2.0	5.02
2.0	3.47
0.0	1.9
1.0	
1.0	4.67
2.0	2.7
1.0	2.52
2.0	
1.0	4.21
2.0	2.29
0.0	3.11
1.0	
2.0	1.85
2.0	2.09
2.0	3.09
2.0	3.07
2.0	4.92
2.0	
1.0	4.89
	3.0
2.0	4.13
2.0	3.39
1.0	
1.0	4.71
1.0	6.08
1.0	3.22
1.0	1.92
2.0	11.13
1.0	12.02
	7.48
2.0	5.85
2.0	6.22
2.0	4.09
2.0	5.6
2.0	4.75
	2.93
2.0	4.91
2.0	4.65
2.0	3.67
2.0	5.48
2.0	11.17
1.0	10.64
2.0	1.61
1.0	5.98
2.0	3.19
1.0	2.38
2.0	3.81
2.0	4.61
2.0	2.14
2.0	7.12
2.0	4.51
2.0	6.39
2.0	6.52
1.0	4.66
1.0	6.21
2.0	8.57
2.0	4.98
2.0	3.22
1.0	3.08
1.0	4.8
2.0	4.48
2.0	1.99
0.0	1.84
1.0	6.26
2.0	3.28
1.0	5.28
0.0	2.75
2.0	3.84
2.0	1.21
1.0	
1.0	2.74
2.0	2.99
1.0	3.54
2.0	7.86
1.0	3.62
2.0	1.11
2.0	5.27
1.0	2.78
1.0	4.94
0.0	6.96
2.0	6.46
1.0	3.45
2.0	10.29
0.0	9.29
2.0	7.0
2.0	1.57
2.0	7.73
1.0	6.64
2.0	6.5
2.0	3.36
1.0	14.87
2.0	7.56
2.0	7.43
2.0	3.71
1.0	10.96
2.0	
1.0	7.04
1.0	4.06
0.0	2.39
0.0	4.49
1.0	5.56
1.0	7.03
0.0	1.27
0.0	0.76
2.0	9.03
0.0	2.27
1.0	7.36
2.0	7.06
1.0	5.24
1.0	10.01
2.0	6.03
0.0	7.07
2.0	6.27
2.0	4.16
1.0	3.23
2.0	7.24
2.0	7.35
1.0	4.5
2.0	6.14
1.0	3.92
0.0	5.97
2.0	9.51
1.0	3.18
2.0	4.85
2.0	2.62
2.0	4.19
1.0	8.59
2.0	6.71
1.0	9.2
1.0	7.7
2.0	5.1
2.0	7.48
1.0	3.08
1.0	13.0
0.0	3.11
2.0	6.5
2.0	3.29
2.0	4.73
1.0	7.62
2.0	4.43
	
1.0	2.07
2.0	3.65
2.0	1.64
2.0	4.94
1.0	1.95
1.0	4.95
1.0	4.13
1.0	1.45
1.0	2.75
2.0	9.56
2.0	4.54
2.0	3.22
2.0	6.49
2.0	
1.0	3.18
2.0	7.73
1.0	6.61
1.0	
1.0	5.56
2.0	7.14
1.0	14.88
1.0	5.95
2.0	
0.0	
2.0	4.88
2.0	5.77
2.0	
2.0	6.49
2.0	
2.0	9.06
1.0	7.21
2.0	3.93
2.0	7.93
2.0	
2.0	8.72
1.0	4.0
1.0	2.97
2.0	7.6
2.0	4.2
2.0	9.05
2.0	4.48
2.0	9.08
2.0	4.23
2.0	6.03
0.0	4.18
2.0	1.8
1.0	9.44
1.0	5.23
2.0	7.03
1.0	2.76
1.0	8.78
0.0	2.45
2.0	7.99
1.0	7.18
2.0	10.65
2.0	8.3
1.0	2.05
1.0	3.92
1.0	3.77
0.0	3.13
1.0	7.4
1.0	
2.0	5.82
1.0	1.26
1.0	4.8
2.0	1.74
1.0	2.54
1.0	1.41
0.0	5.8
	2.42
	2.09
	2.72
	4.42
1.0	3.75
2.0	4.86
	5.19
	
0.0	5.89
	2.54
2.0	14.93
2.0	12.6
1.0	2.29
	
	
0.0	2.72
1.0	2.14
1.0	3.3
	11.9
	6.32
	
	
	8.07
	
1.0	4.5
1.0	3.38
2.0	2.28
1.0	3.49
1.0	7.6
2.0	10.78
2.0	3.91
