rs11243705	crp
0.0	10.6
0.0	151.5
1.0	177.9
0.0	146.4
0.0	247.7
0.0	117.3
1.0	158.4
1.0	264.6
0.0	73.4
1.0	146.1
1.0	122.1
1.0	91.4
1.0	303.0
	157.0
0.0	97.8
0.0	123.0
0.0	129.0
0.0	236.5
1.0	239.9
	186.2
1.0	147.2
0.0	105.4
0.0	10.4
1.0	
0.0	
0.0	233.3
0.0	137.2
0.0	33.6
0.0	92.3
0.0	202.5
0.0	65.2
1.0	76.5
0.0	171.4
0.0	120.2
0.0	58.2
1.0	
0.0	170.0
1.0	150.5
0.0	156.2
2.0	128.1
1.0	157.3
0.0	
1.0	
0.0	219.8
0.0	
0.0	59.4
0.0	229.9
0.0	107.2
	212.8
0.0	396.7
2.0	166.7
0.0	70.2
1.0	5.8
0.0	
0.0	
0.0	
0.0	
0.0	35.3
0.0	15.7
0.0	53.4
1.0	
0.0	1.4
1.0	
0.0	99.8
0.0	156.6
0.0	55.2
0.0	127.4
0.0	235.5
0.0	16.8
0.0	77.9
0.0	268.7
0.0	11.0
1.0	174.1
0.0	160.5
0.0	194.7
0.0	177.0
1.0	64.1
0.0	36.0
0.0	278.7
0.0	282.2
1.0	83.0
1.0	185.3
0.0	12.4
0.0	122.7
1.0	153.4
0.0	122.1
0.0	129.6
0.0	
0.0	38.0
0.0	
0.0	
2.0	8.4
0.0	6.8
0.0	105.5
0.0	76.0
0.0	157.1
	77.7
	62.6
0.0	11.0
0.0	6.2
0.0	43.2
0.0	11.1
1.0	5.6
1.0	35.6
0.0	
0.0	19.2
1.0	22.1
0.0	0.0
0.0	12.0
1.0	10.1
1.0	2.5
1.0	14.0
0.0	70.7
0.0	10.6
0.0	23.4
1.0	42.8
1.0	3.9
0.0	23.4
0.0	27.9
0.0	2.4
0.0	8.3
1.0	2.7
1.0	18.9
0.0	
1.0	
0.0	
1.0	37.9
0.0	23.9
0.0	48.8
0.0	0.0
0.0	44.4
0.0	13.1
0.0	14.9
0.0	6.1
1.0	82.6
0.0	0.0
0.0	
0.0	16.1
1.0	7.1
1.0	33.5
0.0	22.1
0.0	36.4
0.0	1.5
0.0	0.0
0.0	0.0
1.0	141.4
0.0	216.3
1.0	72.2
1.0	72.5
0.0	242.7
0.0	6.1
0.0	109.0
1.0	58.8
0.0	45.3
0.0	41.7
1.0	
1.0	23.7
0.0	12.6
0.0	60.3
0.0	71.9
0.0	6.1
1.0	16.2
0.0	37.9
0.0	56.7
0.0	28.3
1.0	16.3
0.0	2.1
0.0	3.9
0.0	36.3
0.0	215.7
0.0	4.3
1.0	
0.0	
0.0	17.2
0.0	44.7
	49.1
	210.9
0.0	173.0
1.0	223.4
0.0	11.8
0.0	5.1
0.0	61.9
1.0	123.3
0.0	149.3
0.0	201.1
1.0	165.6
0.0	17.6
0.0	19.5
0.0	19.6
1.0	271.8
0.0	25.2
1.0	0.3
0.0	6.2
0.0	23.2
1.0	2.3
0.0	38.2
1.0	237.0
1.0	328.0
0.0	16.8
0.0	15.8
1.0	12.6
1.0	132.0
0.0	22.8
0.0	
1.0	19.2
1.0	42.0
1.0	7.1
0.0	1.1
0.0	193.0
0.0	1.6
1.0	23.2
1.0	15.0
0.0	2.6
1.0	120.1
1.0	0.6
0.0	4.9
0.0	
0.0	30.1
0.0	127.4
1.0	21.1
1.0	
0.0	25.1
0.0	18.1
1.0	40.6
0.0	83.7
1.0	150.6
0.0	63.2
1.0	74.6
1.0	258.7
0.0	221.6
0.0	
	1.4
1.0	
	198.1
1.0	110.5
0.0	220.5
0.0	205.6
1.0	223.5
0.0	
2.0	
0.0	108.4
	167.0
	
	
	
	365.3
	278.6
	115.8
	325.2
	150.1
	28.0
	
0.0	89.6
1.0	225.2
0.0	239.9
1.0	69.2
1.0	101.1
1.0	254.4
0.0	43.8
0.0	16.4
0.0	10.8
	58.4
	41.2
0.0	10.9
0.0	205.1
0.0	136.9
0.0	6.0
0.0	131.9
0.0	132.4
0.0	243.9
0.0	1.7
0.0	93.1
1.0	
0.0	89.7
0.0	
1.0	100.0
	12.2
	275.1
	185.9
	72.0
	83.9
	132.7
	157.3
0.0	29.8
0.0	148.4
0.0	188.7
0.0	
	145.1
	62.3
	45.5
	291.2
	
	10.9
	
	
	
0.0	115.3
0.0	11.1
0.0	76.1
1.0	60.3
1.0	6.8
1.0	0.4
0.0	9.8
0.0	20.3
	257.9
0.0	86.6
0.0	21.4
0.0	22.4
0.0	164.2
0.0	177.7
0.0	1.9
1.0	156.8
0.0	
0.0	150.3
0.0	299.3
0.0	199.1
0.0	16.7
1.0	17.6
0.0	11.1
0.0	94.8
0.0	54.3
0.0	27.7
1.0	39.4
0.0	2.6
1.0	30.7
1.0	19.3
0.0	34.6
0.0	3.9
0.0	3.6
0.0	19.3
0.0	108.5
0.0	24.7
0.0	89.8
1.0	12.4
0.0	5.5
1.0	13.7
0.0	41.3
0.0	13.4
0.0	108.4
1.0	0.7
0.0	172.8
0.0	7.0
1.0	0.7
0.0	22.4
0.0	107.7
0.0	0.9
0.0	274.9
0.0	23.1
1.0	107.6
1.0	16.7
0.0	198.7
0.0	
0.0	75.2
0.0	1.0
0.0	70.8
0.0	10.1
0.0	3.5
0.0	23.4
0.0	91.5
0.0	31.9
0.0	20.7
1.0	33.6
0.0	1.9
0.0	
0.0	367.0
2.0	258.2
0.0	318.8
0.0	53.8
2.0	5.8
0.0	102.5
1.0	
1.0	149.1
1.0	4.6
0.0	
1.0	278.1
0.0	72.9
0.0	59.0
0.0	25.1
0.0	3.4
0.0	71.3
0.0	16.4
0.0	227.5
1.0	21.0
0.0	47.4
0.0	128.8
0.0	108.2
0.0	143.5
1.0	101.2
0.0	189.8
0.0	93.7
1.0	240.3
0.0	272.8
0.0	198.3
1.0	309.2
0.0	47.4
0.0	22.5
0.0	325.7
0.0	126.1
0.0	8.9
0.0	33.1
1.0	41.5
1.0	125.8
1.0	322.0
0.0	3.9
0.0	150.1
0.0	51.5
0.0	40.5
0.0	61.0
0.0	42.7
	37.3
1.0	209.1
0.0	29.6
1.0	93.3
1.0	135.0
0.0	187.4
0.0	117.8
0.0	93.9
0.0	127.4
0.0	150.9
1.0	123.4
0.0	79.9
1.0	40.8
1.0	125.4
0.0	194.8
1.0	226.1
1.0	54.1
1.0	31.8
0.0	8.6
1.0	213.3
0.0	320.0
1.0	101.0
0.0	0.5
0.0	114.4
0.0	89.1
0.0	102.2
0.0	4.4
0.0	13.5
0.0	110.1
0.0	140.3
0.0	54.4
0.0	78.2
0.0	123.4
0.0	22.1
0.0	67.8
0.0	37.7
2.0	171.0
0.0	104.0
0.0	
1.0	95.6
0.0	239.6
1.0	284.9
1.0	
0.0	33.4
1.0	195.9
0.0	47.6
0.0	37.1
1.0	71.0
0.0	3.6
0.0	1.6
0.0	35.2
1.0	11.3
1.0	46.7
0.0	229.2
0.0	185.6
0.0	141.2
0.0	10.8
0.0	4.2
0.0	
2.0	240.7
0.0	42.4
2.0	31.5
1.0	146.4
1.0	242.9
0.0	71.1
0.0	217.7
0.0	261.1
0.0	107.3
0.0	238.1
1.0	36.4
0.0	26.6
1.0	70.3
1.0	321.8
0.0	345.9
1.0	54.5
0.0	37.9
1.0	251.3
1.0	243.5
1.0	94.4
0.0	251.9
0.0	1.6
0.0	51.3
1.0	127.8
0.0	96.5
	
	188.8
1.0	103.5
	173.0
	181.9
1.0	370.9
	279.5
1.0	237.4
	79.8
	64.9
	75.1
	65.9
	39.5
1.0	147.8
	38.7
0.0	99.1
0.0	176.8
0.0	101.0
1.0	6.9
0.0	197.6
0.0	89.6
0.0	51.4
0.0	405.4
	61.3
	2.5
	
	
1.0	329.4
	177.5
	69.8
	330.0
	80.1
	156.3
0.0	117.5
0.0	78.3
	147.7
	179.0
0.0	42.3
	175.0
1.0	118.0
0.0	70.8
0.0	46.9
0.0	221.8
0.0	109.5
1.0	134.5
	102.2
	96.3
	206.5
	50.7
1.0	198.5
0.0	57.0
1.0	246.7
0.0	117.2
0.0	253.6
1.0	25.7
0.0	
0.0	60.1
1.0	88.3
1.0	64.3
0.0	57.3
0.0	89.4
0.0	7.5
0.0	60.8
	220.3
0.0	7.8
	23.6
0.0	93.0
	71.7
0.0	38.7
0.0	10.0
	14.3
1.0	332.0
1.0	61.7
0.0	133.4
0.0	154.9
0.0	76.5
2.0	152.8
	39.3
1.0	
0.0	151.1
0.0	108.5
2.0	
1.0	171.2
0.0	128.7
0.0	206.5
0.0	166.0
1.0	277.4
0.0	208.8
1.0	312.9
1.0	320.7
2.0	296.4
0.0	146.0
1.0	192.1
0.0	89.2
1.0	222.0
1.0	191.6
1.0	275.0
1.0	188.6
1.0	152.8
2.0	91.2
0.0	221.4
0.0	200.7
0.0	22.9
0.0	217.0
0.0	223.8
0.0	286.8
0.0	86.6
0.0	132.6
0.0	8.4
0.0	77.3
1.0	78.0
0.0	36.1
0.0	60.1
0.0	18.4
0.0	5.7
0.0	1.6
0.0	76.4
0.0	44.7
0.0	192.3
0.0	7.3
0.0	67.4
0.0	50.0
0.0	256.6
1.0	58.8
0.0	233.1
	131.7
1.0	0.7
0.0	20.3
1.0	16.3
0.0	187.5
0.0	85.7
0.0	5.1
1.0	302.5
0.0	
1.0	
	229.5
1.0	73.2
0.0	187.7
0.0	52.7
0.0	35.5
0.0	56.7
	8.7
0.0	182.8
1.0	101.0
0.0	103.3
0.0	248.3
1.0	212.7
1.0	221.3
0.0	70.1
0.0	139.4
0.0	106.2
1.0	71.9
0.0	12.9
0.0	106.4
0.0	34.6
2.0	143.7
1.0	44.5
0.0	140.0
0.0	78.5
0.0	161.6
0.0	144.4
0.0	289.8
1.0	218.1
0.0	6.0
0.0	122.1
0.0	93.2
2.0	108.0
1.0	26.1
0.0	40.6
1.0	158.2
1.0	165.4
0.0	128.7
0.0	115.3
0.0	3.4
1.0	6.4
0.0	
0.0	102.8
0.0	6.3
0.0	57.1
0.0	248.8
0.0	21.8
0.0	141.9
0.0	259.6
0.0	185.2
0.0	178.5
0.0	213.4
0.0	85.4
0.0	21.6
0.0	166.3
0.0	260.6
0.0	115.7
0.0	102.1
1.0	189.9
1.0	181.0
0.0	102.9
1.0	210.4
0.0	164.8
0.0	165.4
1.0	146.8
1.0	95.5
0.0	95.0
1.0	78.8
0.0	198.7
1.0	159.9
1.0	194.6
1.0	95.2
0.0	84.6
1.0	172.5
0.0	2.1
0.0	19.4
0.0	55.1
0.0	3.1
1.0	334.3
1.0	189.9
0.0	77.1
0.0	82.5
0.0	200.6
1.0	208.6
1.0	25.5
1.0	161.2
0.0	119.1
1.0	295.9
0.0	161.9
0.0	79.3
0.0	125.3
1.0	318.4
1.0	73.6
1.0	278.5
0.0	76.5
1.0	57.5
1.0	18.3
0.0	186.1
0.0	138.1
1.0	107.5
0.0	166.0
1.0	303.3
1.0	80.9
0.0	284.6
0.0	151.7
0.0	239.6
0.0	104.2
0.0	201.2
0.0	173.1
0.0	97.9
0.0	123.6
0.0	81.3
	147.2
0.0	58.5
0.0	97.0
0.0	51.9
1.0	135.5
0.0	82.2
1.0	146.4
1.0	244.4
1.0	209.1
1.0	59.6
1.0	125.6
0.0	120.4
0.0	281.6
1.0	118.4
1.0	93.2
1.0	78.0
0.0	150.5
0.0	168.9
0.0	
0.0	285.4
0.0	202.7
1.0	381.2
1.0	157.2
0.0	398.2
1.0	
1.0	335.6
2.0	319.8
0.0	1.4
1.0	101.7
1.0	281.8
1.0	305.4
0.0	174.0
1.0	100.6
0.0	335.2
2.0	362.6
0.0	266.3
1.0	74.2
1.0	65.8
0.0	78.2
2.0	229.2
0.0	138.5
1.0	219.0
1.0	131.0
0.0	18.7
0.0	45.7
0.0	48.8
2.0	51.7
0.0	287.9
0.0	138.3
1.0	263.2
1.0	48.0
1.0	104.7
0.0	86.2
0.0	208.3
1.0	178.0
1.0	304.6
0.0	144.2
1.0	44.4
1.0	20.9
0.0	70.3
1.0	
0.0	106.3
1.0	191.8
1.0	272.7
0.0	94.4
0.0	270.2
1.0	69.8
0.0	64.5
0.0	54.0
1.0	130.7
	111.0
	284.5
	6.6
	
0.0	58.6
0.0	1.4
	12.5
	
0.0	390.3
	41.8
0.0	162.5
1.0	296.9
0.0	17.3
	
	
0.0	24.5
0.0	107.9
0.0	102.4
	128.0
	0.3
	
	0.0
	307.9
	
0.0	86.4
1.0	18.9
0.0	37.8
0.0	223.8
1.0	31.7
0.0	87.6
0.0	152.7
