rs1651553	leuk_1
1.0	5.13
1.0	7.51
1.0	11.49
2.0	6.01
2.0	12.08
2.0	12.14
2.0	4.45
2.0	7.85
1.0	9.26
2.0	6.98
2.0	10.12
0.0	5.57
2.0	
	5.92
1.0	4.17
2.0	6.36
0.0	8.64
2.0	11.34
1.0	4.68
	9.1
2.0	6.01
0.0	7.22
2.0	4.36
2.0	
1.0	6.39
2.0	12.14
2.0	10.4
2.0	3.29
2.0	6.88
2.0	6.39
2.0	9.32
2.0	6.79
2.0	3.75
2.0	5.17
2.0	6.67
1.0	
2.0	5.92
2.0	13.35
1.0	5.38
2.0	6.48
1.0	6.95
2.0	
1.0	
2.0	9.42
2.0	
2.0	11.14
1.0	9.23
1.0	8.75
	11.7
2.0	12.29
2.0	8.3
1.0	6.61
0.0	
2.0	
2.0	
2.0	
1.0	
2.0	6.65
0.0	6.99
2.0	9.33
2.0	
2.0	9.62
2.0	
1.0	3.51
2.0	9.57
2.0	5.52
2.0	9.99
2.0	8.95
2.0	3.37
1.0	8.72
2.0	10.36
1.0	7.79
2.0	3.3
1.0	8.62
0.0	6.07
2.0	13.75
2.0	9.48
2.0	9.26
2.0	3.44
2.0	10.02
1.0	14.63
1.0	7.3
1.0	3.69
1.0	7.46
2.0	10.29
2.0	9.65
0.0	6.72
2.0	
1.0	15.17
2.0	
2.0	
0.0	7.05
1.0	5.71
1.0	4.98
2.0	5.47
2.0	3.92
	5.21
	3.9
2.0	6.79
1.0	10.49
2.0	9.76
2.0	4.73
0.0	9.78
2.0	4.84
1.0	
1.0	6.5
1.0	4.75
1.0	4.07
2.0	3.04
2.0	6.74
1.0	6.17
2.0	14.41
1.0	8.28
2.0	8.5
1.0	5.41
2.0	3.73
0.0	6.08
2.0	8.63
2.0	4.21
1.0	11.88
2.0	6.17
2.0	
2.0	5.67
2.0	2.54
1.0	3.61
2.0	7.1
2.0	8.12
2.0	7.64
2.0	3.29
2.0	6.02
2.0	6.97
1.0	7.38
1.0	2.98
2.0	4.73
1.0	
2.0	4.58
1.0	3.63
1.0	5.56
2.0	7.8
2.0	11.55
2.0	5.55
1.0	6.25
2.0	6.65
2.0	4.57
2.0	4.36
2.0	11.9
1.0	5.88
2.0	7.32
2.0	4.0
2.0	6.67
1.0	5.75
2.0	
2.0	7.04
2.0	2.76
2.0	5.91
2.0	7.79
2.0	11.24
0.0	3.98
1.0	6.5
2.0	6.78
0.0	4.1
2.0	10.3
1.0	7.86
2.0	7.21
1.0	6.36
2.0	3.44
2.0	4.59
1.0	5.64
2.0	3.94
2.0	12.81
2.0	9.97
2.0	3.59
2.0	5.92
1.0	5.52
2.0	
	3.47
	4.79
2.0	11.91
2.0	15.21
2.0	4.22
2.0	4.69
1.0	5.27
1.0	8.66
2.0	10.37
2.0	15.4
2.0	9.22
1.0	8.34
2.0	7.79
1.0	2.15
1.0	11.41
2.0	2.71
2.0	5.69
2.0	5.46
2.0	6.03
2.0	3.53
0.0	4.78
2.0	7.77
2.0	7.4
1.0	4.46
2.0	5.98
2.0	10.0
2.0	9.78
2.0	9.24
2.0	6.1
0.0	5.85
1.0	5.78
2.0	6.66
2.0	10.05
2.0	14.82
2.0	7.77
1.0	4.65
1.0	9.25
1.0	9.44
2.0	7.25
1.0	4.0
2.0	8.02
2.0	6.29
2.0	5.78
2.0	8.19
2.0	10.16
1.0	3.21
1.0	
2.0	11.42
2.0	10.45
2.0	8.22
1.0	11.1
2.0	8.3
2.0	
2.0	4.26
2.0	6.96
2.0	
	3.12
1.0	
	8.49
2.0	
2.0	15.21
2.0	12.09
1.0	6.37
2.0	
1.0	
2.0	3.94
	8.1
	
	
	
	9.52
	18.35
	15.55
	6.3
	6.96
	6.39
	
2.0	3.49
1.0	4.98
2.0	11.21
2.0	3.36
1.0	9.94
2.0	2.63
1.0	7.84
1.0	4.41
1.0	
	4.51
	4.18
1.0	3.12
2.0	6.23
2.0	5.47
2.0	5.17
1.0	3.85
2.0	4.65
1.0	4.75
2.0	6.67
1.0	4.43
1.0	6.63
2.0	7.29
1.0	6.73
1.0	5.05
	4.16
	5.67
	6.86
	2.28
	5.03
	8.01
	6.1
2.0	11.74
1.0	3.61
2.0	7.08
2.0	3.11
	9.02
	8.42
	7.78
	5.48
	4.95
	4.88
	
	
	
1.0	6.69
2.0	5.2
2.0	14.1
1.0	8.02
0.0	2.17
2.0	9.33
0.0	5.56
1.0	5.37
	6.27
2.0	10.27
0.0	5.15
2.0	3.69
2.0	4.83
2.0	6.19
1.0	4.73
1.0	7.43
2.0	
2.0	9.23
2.0	7.93
2.0	8.1
1.0	7.68
2.0	7.78
1.0	5.99
1.0	2.36
2.0	4.53
1.0	4.2
2.0	6.7
1.0	6.49
2.0	5.68
2.0	6.32
2.0	
1.0	3.13
2.0	5.43
1.0	6.56
2.0	7.09
2.0	9.69
2.0	12.72
1.0	9.32
2.0	4.57
2.0	3.85
2.0	6.04
1.0	5.48
1.0	5.19
1.0	4.76
2.0	8.57
1.0	7.94
1.0	5.6
1.0	3.92
2.0	9.05
2.0	5.21
2.0	2.08
1.0	2.47
2.0	6.61
1.0	6.59
1.0	6.61
2.0	4.38
1.0	13.58
2.0	3.48
2.0	9.1
2.0	
2.0	6.88
2.0	5.11
1.0	3.11
2.0	9.77
2.0	4.33
1.0	2.78
2.0	8.31
2.0	
1.0	10.76
1.0	12.89
2.0	5.0
2.0	3.21
2.0	6.09
2.0	4.7
0.0	
2.0	10.03
1.0	4.17
1.0	7.36
0.0	0.3
2.0	
1.0	5.22
2.0	
1.0	4.36
2.0	4.95
1.0	5.19
1.0	5.7
2.0	4.56
0.0	3.88
1.0	12.27
2.0	11.38
1.0	7.51
2.0	6.3
1.0	3.81
2.0	11.35
1.0	3.8
2.0	5.63
2.0	5.45
2.0	14.45
2.0	8.59
1.0	7.97
2.0	6.58
1.0	7.34
2.0	5.57
1.0	3.45
1.0	5.32
2.0	9.15
2.0	4.25
1.0	11.15
2.0	9.33
0.0	5.43
1.0	15.87
1.0	3.57
2.0	5.06
	1.14
2.0	9.19
1.0	3.16
1.0	7.08
0.0	3.74
2.0	17.31
2.0	10.12
2.0	8.59
0.0	2.36
2.0	5.23
1.0	5.13
1.0	6.39
2.0	7.75
2.0	5.59
2.0	12.68
2.0	7.62
2.0	3.31
1.0	6.16
2.0	6.83
2.0	6.29
2.0	7.68
1.0	15.28
1.0	9.84
2.0	6.1
2.0	2.65
1.0	6.04
2.0	4.92
2.0	5.88
2.0	7.82
1.0	12.16
2.0	6.14
1.0	6.91
2.0	6.0
1.0	5.45
1.0	7.73
1.0	5.64
2.0	9.16
2.0	5.79
2.0	6.83
2.0	6.56
2.0	11.72
2.0	11.98
2.0	4.48
1.0	5.93
0.0	7.05
2.0	8.23
2.0	4.94
2.0	
1.0	7.79
1.0	6.76
0.0	4.34
1.0	7.85
1.0	7.52
2.0	9.78
2.0	6.37
2.0	8.1
2.0	2.57
2.0	3.83
2.0	8.28
1.0	0.77
2.0	6.9
2.0	4.24
1.0	8.26
2.0	
2.0	8.25
1.0	7.86
2.0	12.96
2.0	6.5
2.0	16.97
2.0	5.22
2.0	6.25
2.0	5.84
1.0	8.98
0.0	10.6
2.0	5.06
1.0	5.34
2.0	7.1
1.0	7.96
2.0	10.39
1.0	3.31
2.0	4.7
2.0	
2.0	9.8
2.0	5.64
	10.65
	6.02
2.0	9.21
	11.77
	11.23
1.0	6.21
	14.35
2.0	6.83
	2.91
	4.6
	9.22
	4.92
	5.54
1.0	5.44
	5.16
2.0	8.92
2.0	6.46
2.0	5.74
1.0	5.89
2.0	16.68
0.0	4.47
1.0	10.96
2.0	7.59
	4.75
	2.54
	
	9.39
2.0	9.43
	4.13
	4.16
	8.28
	3.88
	6.19
1.0	6.39
2.0	7.63
	2.89
	7.24
2.0	6.54
	3.28
1.0	4.1
2.0	7.96
2.0	8.22
2.0	11.12
1.0	9.27
2.0	7.28
	6.53
	4.8
	7.31
	4.25
1.0	3.9
1.0	4.67
2.0	
2.0	6.23
2.0	5.11
2.0	5.65
2.0	6.0
1.0	9.21
1.0	10.71
1.0	6.75
2.0	5.71
0.0	5.51
1.0	6.68
1.0	
	
1.0	4.22
	6.09
1.0	4.77
	7.17
2.0	6.33
2.0	3.33
	4.15
2.0	6.8
1.0	5.53
2.0	3.53
2.0	4.54
2.0	11.4
2.0	5.7
	4.9
2.0	
0.0	3.56
2.0	10.65
2.0	15.05
2.0	17.97
2.0	
2.0	6.21
1.0	10.19
1.0	4.87
2.0	10.84
2.0	
2.0	11.88
1.0	5.4
2.0	4.06
1.0	5.91
1.0	2.42
2.0	
2.0	8.85
1.0	4.9
2.0	14.62
2.0	6.52
0.0	6.17
2.0	8.09
2.0	7.1
1.0	6.02
2.0	5.2
2.0	
2.0	6.56
1.0	6.67
1.0	6.11
1.0	4.43
2.0	
2.0	6.1
1.0	5.27
0.0	5.19
0.0	5.6
2.0	7.67
2.0	4.95
2.0	4.6
2.0	2.62
0.0	2.44
1.0	3.95
2.0	4.34
1.0	4.64
2.0	6.6
2.0	
1.0	5.94
	4.05
2.0	7.08
1.0	5.73
2.0	
2.0	6.8
0.0	9.82
2.0	5.36
2.0	3.32
2.0	12.08
1.0	13.33
	8.21
2.0	7.68
2.0	7.31
2.0	4.9
1.0	7.15
2.0	9.47
	4.36
1.0	7.33
2.0	6.48
1.0	6.35
2.0	6.58
1.0	13.53
1.0	12.56
2.0	3.36
2.0	7.11
2.0	4.83
2.0	4.9
2.0	6.44
0.0	5.5
1.0	3.02
2.0	8.39
1.0	6.01
2.0	8.63
2.0	7.03
2.0	6.05
2.0	8.54
2.0	9.53
1.0	6.52
2.0	4.9
2.0	5.22
0.0	5.69
1.0	5.55
1.0	3.85
2.0	2.5
2.0	7.76
0.0	4.24
2.0	8.15
1.0	3.8
2.0	6.42
1.0	3.22
1.0	
2.0	4.4
1.0	5.37
2.0	6.16
2.0	9.12
2.0	7.19
0.0	1.76
0.0	6.83
2.0	4.22
2.0	6.03
2.0	8.11
2.0	7.68
0.0	5.03
1.0	12.67
2.0	11.5
2.0	9.92
2.0	2.67
1.0	8.99
2.0	8.05
0.0	8.0
2.0	4.06
2.0	18.38
0.0	8.31
2.0	9.99
2.0	6.01
2.0	12.39
1.0	
1.0	8.27
2.0	6.52
2.0	3.7
2.0	6.97
2.0	9.31
2.0	9.13
2.0	3.4
1.0	2.01
2.0	10.28
2.0	4.71
2.0	9.09
1.0	9.16
2.0	7.47
2.0	14.27
2.0	8.21
2.0	8.61
2.0	7.91
2.0	5.73
0.0	4.03
1.0	7.9
2.0	9.82
1.0	6.67
2.0	9.24
1.0	5.73
1.0	8.61
0.0	12.08
1.0	4.57
1.0	6.93
1.0	4.55
2.0	6.98
1.0	9.82
2.0	8.5
1.0	9.79
2.0	9.38
2.0	7.22
2.0	8.54
2.0	4.72
2.0	13.87
2.0	5.1
2.0	8.37
1.0	4.22
1.0	6.44
2.0	9.72
1.0	6.45
	
2.0	4.47
1.0	5.55
2.0	3.26
2.0	6.69
2.0	4.39
1.0	5.55
2.0	5.36
1.0	2.91
2.0	5.21
2.0	13.1
2.0	6.34
0.0	4.15
1.0	8.22
2.0	
1.0	4.25
2.0	9.99
1.0	8.52
2.0	
1.0	7.8
1.0	8.27
1.0	16.05
1.0	7.98
2.0	
1.0	
2.0	6.73
2.0	6.32
2.0	3.22
2.0	8.13
2.0	
2.0	9.89
2.0	8.93
1.0	5.12
2.0	9.34
2.0	18.15
1.0	10.2
2.0	5.33
2.0	5.02
2.0	11.1
0.0	5.39
2.0	10.47
2.0	5.79
2.0	10.72
2.0	5.19
1.0	9.36
2.0	5.52
1.0	3.29
1.0	11.24
2.0	6.63
2.0	9.18
2.0	4.68
1.0	9.82
1.0	4.59
1.0	8.95
1.0	9.76
2.0	11.26
2.0	11.28
2.0	3.67
1.0	6.01
1.0	5.12
2.0	5.83
2.0	9.84
1.0	
2.0	6.48
1.0	2.61
2.0	6.47
1.0	2.7
1.0	4.26
2.0	3.51
2.0	7.99
	3.73
	3.04
	5.11
	6.85
2.0	4.97
1.0	9.23
	7.63
	
2.0	6.23
	3.65
2.0	17.98
2.0	14.24
2.0	3.42
	
	
2.0	4.14
1.0	2.94
0.0	5.05
	13.82
	7.64
	
	
	9.04
	
2.0	5.59
1.0	5.77
1.0	4.55
1.0	5.56
1.0	
2.0	13.02
1.0	5.15
